{
  "marketing_stripe": {
    "text": "",
    "link": "",
    "color": "#ffffff",
    "background": "#1a1a20"
  },
  "contacts_stripe": {
    "pages": [
      {
        "title": "Olá, seja bem-vindo(a)!!",
        "link": ""
      },
      {
        "title": "📞 Atendimento ao cliente:",
        "link": "https://wa.me/+559891871159"
      }
    ],
    "phone_wpp": true,
    "socials": true
  },
  "categories_list": {
    "featured": [
      "/computadores?COMPUTADORES",
      "/hardware?HARDWARE",
      "/acessorios?ACESSÓRIOS"
    ],
    "random": 9,
    "full_width": true
  },
  "desktop_megamenu": true,
  "search_input": true,
  "alphabetical_order_submenu": true,
  "full_width_submenu": false,
  "centralized_logo": false
}