{
  "meta_title": "",
  "meta_description": "",
  "sections": [
    {
      "type": "banner-slider",
      "autoplay": 7000,
      "full_width": true,
      "slides": [
        {
          "img": "/img/uploads/banner-inicial-2.png",
          "link": "https://tecinfor.netlify.app/fone--headset",
          "alt": "",
          "start": "",
          "end": "",
          "mobile_img": ""
        },
        {
          "start": "",
          "end": "",
          "img": "/img/uploads/banner-inicial-1.png",
          "link": "https://tecinfor.netlify.app/search?term=pc"
        },
        {
          "start": "",
          "end": "",
          "img": "/img/uploads/um-dos-posts_page-00012134783478.jpg",
          "link": "https://tecinfor.netlify.app/search?term=tintas"
        },
        {
          "start": "",
          "end": "",
          "img": "/img/uploads/tecnologias-gamer_page-0001-2-3487.jpg",
          "link": "https://tecinfor.netlify.app/search?term=computadores"
        },
        {
          "start": "",
          "end": "",
          "img": "/img/uploads/734.jpg",
          "link": "https://tecinfor.netlify.app/kaspersky"
        }
      ]
    },
    {
      "type": "collection-shelf",
      "shuffle": false,
      "limit": 12,
      "page": 1,
      "collection_id": "64354a794bd2e929c1ca3a4c:categories:COMPLETOS:/completos",
      "sort": "offers",
      "autoplay": 5000,
      "headless": true
    },
    {
      "type": "collection-shelf",
      "shuffle": false,
      "collection_id": "64354c464bd2e929c1ca3e87:categories:PROCESSADORES:/processadores",
      "sort": "offers",
      "title": "",
      "headless": true,
      "limit": 12,
      "page": 1
    },
    {
      "type": "collection-shelf",
      "shuffle": false,
      "limit": 12,
      "page": 1,
      "collection_id": "64354c304bd2e929c1ca3e67:categories:KIT UPGRADE:/kit-upgrade",
      "autoplay": 0,
      "headless": true,
      "sort": "news"
    },
    {
      "type": "collection-shelf",
      "shuffle": false,
      "limit": 12,
      "page": 1,
      "collection_id": "64354c304bd2e929c1ca3e67:categories:KIT UPGRADE:/kit-upgrade",
      "autoplay": 5000,
      "headless": true,
      "sort": "offers"
    },
    {
      "type": "collection-shelf",
      "shuffle": false,
      "limit": 12,
      "page": 1,
      "headless": true
    },
    {
      "type": "info-bar",
      "enabled": true
    }
  ]
}